comentario,anotador_1_categoria,anotador_2_categoria
Dedetizando urgente. Recebi 2 baratas lá dentro no mesmo dia. Não volto enqto não dedetizar,,
"Cheguei para retirar os funcionários não sabiam do que se tratrava, após 15 minutos chegaram com a minha sacola, aí disseram que o pedido não tinha sido pago, depois disseram que estava certo e entregaram a sacola após mais uns 10 minutos para imprimir um papel para eu assinar , quando cheguei em casa abri a sacola e estava faltando um item, um item que eu ouvi uma funcionária dissendo que não estava na sacola e o outro funcionário dissendo que estava .
Me deram o produto e acabou.
Pessima experiencia e foi a primeira vez que tinha comprado pelo aplicativo.
Péssimo Péssimo Péssimo desde o desleixo dos funcionários até o desleixo da Swift.
Não recomendo.
Um cliente satisfeito conta sua experiência para 2 ou 3 amigos, agora um cliente insatisfeito conta para 20 ou 30 amigos no mínimo",,
"Entrega péssima
Errou o endereço e demorou para liberar o produto",,
"Fiz a compra com prazo programado porque tinha necessidade do produto e não chegou, fui avisado assim que terminou o prazo que iriam procurar um entregador. Assim não me atendia nais",,
"Filé de frango Seara pessimo ,deve ser de galinha matriz ( velha) comprei 3 kilos , jogamos tudo fora .",,
"Ontem no dia 09/10 realizei uma compra na loja do alto da Boa Vista, a atendente não foi solícita no atendimento e após realizar o pagamento, verifiquei que ela não havia aplicado o desconto nos itens que estavam em promoção. Ao verificar a nota fiscal com valor incorreto, ela informou que teria que fazer o estorno e iria demorar. Como estava com presa, não pude esperar. Acredito que faltou tato e cuidado por parte da atendente, que desde o começo do atendimento nem se quer disse “bom dia”.",,
Essa loja Largo do Machado nunca cumpre com o prazo. 4 entregas seguidas atrasadas,,
É melhor falir esse negocio imundo e recomeçarem em algo que sejam bons,,
"Os produtos chegaram parcialmente descongelados, algo nítido. Nunca mais farei pedido para ser entregue no fim do dia. No mínimo, enche-se o caminhão pela manhã, fica rodando a cidade inteira e o ambiente deve ficar, se ficar, no mínimo refrigerado e não deve ficar na temperatura de congelamento.",,
"Fiz uma compra posta de lombo de bacalhau 
Perdi metade, com pele e espinhos .
Nunca mais comprarei .",,
"Fiquei decepcionada com a bandeja da língua, cheio da pele dura ,da mesma, parece que ao invés de descartar montaram esta bandeja!!! 
Fui premiada!!!???",,
"Bom dia queria fazer uma reclamação 
Na loja de itapecerica as funcionária do caixa
Ficou tempo td eu estive na loja olhando  com eu estava fazendo algo em comodava sai da loja muito chatada.",,
"Gôndolas  vazias . Abastecimento muito fraco. Falta de funcionários para dia de movimentos. Itens faltantes. 
No supermercado encontramos mais itens do que na loja .",,
"PROCUREI UM PRODUTO QUE COSTUMO COMPRAR NA FREEZER mas só tinha DUAS PEÇAS, eu levo sempre quatro.  Eu quase fui embora,  mas a atendente disse que iria verificar no estoque e eu esperei.
As atendentes tiveram que procurar lá no depósito até acharem uma caixa AINDA FECHADA e fui atendido.
Atendentes muito gentis, fui bem atendido.",,
"A qualidade do  produtos  caíram,  ja e segunda compra  que faço  a picanha muito  dura",,
"Presenciei uma situação de injustiça com uma cliente presente na loja que não teve o suporte correto a partir do erro da loja em termos da organização dos produtos e preços em gôndola, o código do consumidor não foi cumprido a partir do momento em que o preço da gôndola não foi cumprido. Gerente totalmente despreparada para lidar com a situação, se negando a cumprir o que a lei diz, com pouco respeito a consumidora lesada e totalmente indisponível para resolver",,
"Prestando atenção no que estão fazendo, trocaram meu pedido, e ainda não tive o extorno doeu dinheiro.",,
Terceira vez que compro on-line e vem errado e não é estornado o valor no meu cartão.,,
"Ontem fui a primeira vez numa loja Swift, comprei uma picanha fatiada, 3 fatias no vácuo, cheguei em casa preparei em panela de ferro, tudo certinho, cozinho bem, muiiiiiiito dura, não deu pra comer. Fiz uma compra ontem de 3 produtos, esperava muito mais qualidade, assustei. Pensava sinceramente em ser cliente fixo, toda semana, infelizmente estou repensando isso, tenho fotos do produto acabado, provando a técnica perfeita que utilizei. Seria louvável a swift me reembolsar esse produto ruim, com outro igual, mas de boa qualidade :( obrigado. Paulo Sodré de Botucatu 11 94485-1371 (whats)",,
"Comprei um produto que na embalagem está esquito frango a passarinho, mais veio dentro sobre coxa ( erro Gave)",,
Pedido não foi entregue e foi cobrado,,
Parar de cancelar os pedidos,,
"Bom dia! Fiz uma reclamação referente a Carne moída em embalagem institucional de um quilo com excesso de gordura e até hoje não obtive nenhuma resposta.
Em prol do benefício da boa fé, ontem novamente comprei o mesmo produto e os mesmos problemas: excesso de oleosidade, um produto cheio de gordura dura parecendo banha de porco quando a carne moída está refrigerada.

",,
"Experiência do site não traz muita clareza quanto a peça com tamanho variável (como já sabiam o tamanho da peça antes mesmo de separar? Se já possuem as peças no sistema, poderiam deixar a gente escolher qual quer mais pesada/mais leve). 
No mais, me pediram um QR code para retirada, o que não recebi nem por e-mail e nem fica disponível no site. Perdemos tempo com uma papelada de retirada….",,
Falta de produtos. E algumas carnes extremamente pretas.,,
Estava bem desorganizado para ser pleno sábado à tarde e faltando muitos produtos sai de lá faltando muita coisa que gostaria de ser trazido mais não tinha como das outras vezes,,
Poderia colocar menos coxão duro na peça de picanha.,,
Preços altos e aumentar o prazo de utilização dos cash back ao longo do mês.,,
"Acredito que precisa ter maior organização nos preços mostrados no caixa e no aparelho de consulta preço, fiz a consulta de um salmão premium de 900 gramas no consulta preço e apareceu o valor de 94,90 e ao pagar no caixa o valor cobrado foi R$ 97,90 informei ao atendente do caixa que o valor estava diferente e fui informado por ele que o consulta preço estava desatualizado, depois ao chegar em casa entrei no site e o valor realmente é R$ 94,90 - esse é o tipo de situação que não deve acontecer, ambos os sistemas precisam estar atualizados e o preço nas prateleiras para evitar situações assim, fiquei realmente decepcionado com essa situação e por ter pago mais caro.",,
Falta equipe para atendimento em supermercados que atuam e em algumas lojas tem sido mais difícil encontrar alguém pra tirar dúvidas.,,
"A loja nao entregou no prazo de 5 hs...tive que buscar no dia seguinte, pois também não entregou",,
"Compro há tempos na SWIFT sem queixas (nota10)
Na última entrega mudaram o sistema de entregas e recebi os produtos pela UBER que exigiu um código que nao localizei nem nos emails , nem no celular. Fiquei meia hora para falar com vocês sem conseguir com aUBER que finalmente me deu o Código.
Para melhorar deveriam orientar melhor sobre a entrega dos produtos.",,
Sempre melhorando o atendimento e os preços ?,,
melhor os preços mesmo com promoções estão altos...,,
"O app pode ser mais eficiente e rápido nas buscas. Também, poderia ser feita algumas promoções nas taxas de entrega, se houvesse, eu compraria mais vezes por semana.
Obrigada.",,
Queria opções não congeladas pra comprar e usar no dia,,
"As peças de picanha estão muito grandes, mesmo a ponta, que deveria ter em torno de 1kg, mas só encontrei peças com 1,3 acima. A picanha ouro e a mais também: só peças grandes também.
Outra coisa que vem subindo e perdendo qualidade ao mesmo tempo: o carvão. 
E por fim não existe uma política de fidelidade e os clientes fiéis não são beneficiados com nenhum tipo de desconto ou contrapartida.",,
Procurei picanha Legado e sempre esta em falta.,,
Durante ano inteiro procurei FRANGO DEFUMADO e nunca encontrei,,
"colocar peixe menor pois 1 pacote vem apenas 3 grandes 
se fosse menor vc serviria mais pessoas, fica feio cortar?.
Os frangos em panados, tem grande e menor.
O menor deveria ter pacotes maior. com maior gramagem.",,
Acredito que deveria ser melhor sinalizada a localização dos produtos. Tenho dificuldade em encontrar os produtos,,
"Loja da Av Elisio Cordeiro de Siqueira estava sendo reabastecida e colaboradores não puderam disponibilizar produtos antes do termino. Por isso fui obrigado a visitar outra unidade que também estava sendo reabastecida porém ja dispunha dos produtos em prateleira, unidade da avenida Anastacio, parque sao domingos.",,
"Boa noite

Como e produto marca própria não pode faltar no freezer? Fui comprar sobre coxa não tinha!!!",,
O pedaço do contra filé que comprei estava com muuuuuuuita gordura um corte muito feio,,
"Mais promoções, cash back e variedade.",,
"Todos os sábados que vou de manhã nessa loja nunca encontro pães de alho tradicionais,somente os com recheio.",,
Alguns produtos do meu pedido vieram completamente congelados em um único bloco de gelo ( como as coxinhas da asa e as sobrecoxas) e deveriam ter sido congeladas peça a peça. Vou precisar descongelar inteira e utilizar uma única vez.,,
"Verificando regularmente o ambiente.
Vimos um lesma e a funcionária disse que muitas vezes aparece siri. 
Bem, está uns 500mt da praia... Para um siri",,
Deixar os produtos em promoção em freezers separados.,,
"treinando melhor quem recebe os pedidos para que seja entregue, no dia e na hora combinada, minha ultima experiencia, foi muito ruim.
",,
Senti falta de alguns produtos,,
"Pouca padronização na qualidade das carnes, pelo menos na unidade de Duque de Caxias. Carnes top como da linha Gran Reserva, chegam até meio rígidas. Carnes intermediárias, como a linha Legado, em geral, rígidas e fibrosas. A linha combo, nem se fala. A única que salva da linha combo é a bananinha, que por si já é muito macia. Me decepcionei um um cupim Ouro que veio parecendo peito Combo. Fora isso, gosto muito de todo a logística prática da empresa e o funcionamento do app hoje está bem melhor.",,
"Sugiro promoções de pacotes, por exemplo para churrasco com itens de carne em espeto - linguica - pão de alho - peça de carne e da possibilidade de parcelar compras no cartão em no máximo 3 X",,
Fui comprar milho ontem e nao tinha.,,
"Só compro pelo site. O App da Swift não abre.
P.S. Os demais Apps abrem sem problema...
Já desinstalei, instalei novamente e... nada. Não funciona.",,
"É como falo para as meninas, para melhorar só tendo água gelada, para nós que aproveitamos após a caminha fazer compras seria perfeito, saio da Swift para comprar água na farmácia.",,
"Tudo bom, não precisa melhorar em nada",,
Gostaria muito de ter encontrado o frango a passarinho de padaria e não encontrei,,
Gosto muito do atendimento da Maria Eduarda e da Andressa.,,
Costumava comprar bifes de bombom de alcatra mas desta vez não encontrei,,
"Trazer mais pratos prontos, para facilitar a rotina de quem não tem tempo para cozinhar ☺️",,
Essa menina de cabelos cacheados maravilhosa sempre me atende bem e baixinho e oculos também parabéns a equipe o gerente e uma simpatia,,
"Tem dificuldade de ir ao açougue, aí da bem q tem esse tipo de serviço, estou satisfeita, carne de qualidade muito boa .. recomendo muito",,
"Rayane atendente super atenciosa prestativa.
Recomendo a loja Guilhermina",,
Continuem assim tá perfeito há tempos depois que descobri vcs parei de ir em açougues pq não Swift é muito prático e rápido para o dia dia.,,
Poderiam abaixar o preço de algumas carnes.,,
Atentando excepcional na loja que frequento,,
(Elogio) Funcionários atenciosos e prestativos :-D,,
BOM DIA se melhor estraga atendimento ótimo equipe Boa em especial a funcionária Vanessa ventura atendimento totalmente atencioso excelente.,,
"A Marina é muito pró-ativa de bem com vinda, ótimo atendimento",,
"O site muitas vezes deixa adicioanarmos item ao carrinho e depois bloqueia a entrega dele e de alguns. Quando retiramos determinado item, libera os outros novamente. Isso acaba frustrando pq temos q ficar tirando pra testar qual item está bloqueando os demais.",,
Mais opções de entrega / entrega programada é essencial para congelados e nem sempre está disponível,,
"Atendimento maravilhoso, produtos fresquinhos tudo da melhor qualidade e variedade",,
"Talvez na disposição dos produtos. As prateleiras são bem altas para mim,muitas vezes tenho que solicitar ajuda de algum funcionário que sempre me atendeu prontamente",,
Ótimo atendimento ê só mantê-lo,,
Não achei peito de frango,,
Amoooo Swift qualidade e preço no único lugar,,
Continue assim  que ta ótimo,,
"Gosto muito de ir na loja,mais dessa vez estava faltando algumas coisa. O atendimento prestativo como sempre,Karina deu uns toques pelo que substituir gosto do atendimento dela. A equipe no geral sempre dão muita atenção.",,
"Não tenho o que falar, foi tudo bem",,
Mantendo o padrão e preços cada vez mais atrativos,,
Quantidade dos produtos com preço melhor,,
"Se continuar do jeito que está não vejo, porque,  funcionários educados e prestativo.",,
Oferta com preços mais agradável!,,
"Mantenha como está  ,  limpeza nota 10 .",,
"Recebi indicação de uma funcionaria da swift que trabalha em um supermercado proxima a minha casa, que encontraria preço melhor na própria loja. Comprei alguns produtos da swift neste dia e a próxima compra descidi comprar na loja. Esperava encontrar preços melhores, no entanto iguala com o do supermercado.",,
"Sempre sou muito bem atendida na loja! A única ressalva que faço é que desta última vez eu pedi tiras de frango e recebi cubos. Entendo que o produto pode estar faltando mas, nesse caso, o cliente deveria ser avisado",,
Gosto muito de comprar na Swift!!,,
"Sou sempre bem atendido quando vou na loja,no momento só lembro de um nome,Gustavo atendimento nota 10 !!!",,
Colocando valores acessíveis a todos trabalhadores  .,,
Foi minha primeira experiência e gostei muito.,,
"Gostaria de ganhar uma bolsa térmica nas compras acima de R$ 500,00, por exemplo. Facilitaria o transporte e fidelizaria o cliente.",,
Nos preços poderiam ser menores,,
Mais temperos ... Loja de Itapecerica da Serra SP,,
"Com algum tipo de promoção direta. Cada dia da semana vende-se um único tipo , por exemplo "": Dia da Fraldinha, Semana do  etc.",,
Continuo achando preços muito altos...e sem nenhuma vantagem para a fidelização de cliente....talvez pensar sobre isso,,
Melhores preços  sem diminuir peso ou qualidade dos produtos!,,
Estive na Loja e me surpreendi com o atendimento personalizado que recebi.  Os atendentes conhecem  e acreditam nos produtos que   vendem.  Loja muito limpa e organizada. Podem lançar mais promoção como combos que a loja fica ainda mais atrativa.,,
Aumentar o número de atendes no caixa,,
"Muito caro. 

Poderia dar cupom de desconto para os clientes.",,
"Loja bem limpa, organizada, atendimento nota 1000.",,
"Pra melhorar só abrindo uma unidade mais próximo da minha casa, moro em uma cidade vizinha e gosto tanto que vou até Duque de Caxias comprar meus produtos.",,
Ótimo atendimento da Camila e Alice! Compro toda semana,,
"Fui comprar o Bacalhau de 800g porém so tinha da mesma marca com 1Kg. O de 800g estava saindo 132,00/Kg enquanto o de 1kg 169,00/kg",,
"Nunca aconteceu na loja oficial, mas já comprei o carpacio de vocês em outros supermercados aqui da região e veio com a carne completamente preta (acredito que por problemas de refrigeração). Isso aconteceu 2 vezes e por vezes não consigo ver o produto por completo.",,
Não encontrei o Tender Gourmet Seara,,
"Vanessa e o Igor sempre muito prestativos e atenciosos, tirando todas dúvidas com maior atenção.",,
Ao meu ver está tudo perfeito,,
Etiquetando as carnes com preços,,
"Segregar os produtos semelhantes, às vezes tenho dificuldade de encontrar o q procuro",,
"Não  faltar ostrinha de 1 kg, para venda",,
Por enquanto pra mim está tudo certo,,
"Gostaria se possível que as músicas fossem substituídas, não é  a primeira vez que além do volume estar um pouco alto, o estilo é para mais jovens. Obrigado!",,
Abaixando um pouco mais os valores e melhorando os temperos !,,
"Reluto em fazer compras online na swift pq é sempre uma incógnita os produtos que estarão disponíveis, as vezes tb aparece que não há disponibilidade na minha região (Itaim Bibi). Outra dificuldade é que a identificação dos produtos é difícil, pois por exemplo, fraldinha, há diversas versões e é difícil.identificar exatamente a que busco no site.",,
manter os produtos que mais tem saída com estoque,,
Atendimento maravilhoso. Não tem o que dizer. Amanda é super atenciosa. Melhor loja!,,
Produtos de qualidade e um ótimo atendimento fui atendido pela Janaina e a Gaby gostei muito são supre atenciosa,,
Está muito bom assim muitas ofertas boas .,,
"Amo a loja!
Tudo impecável.",,
"Senti falta de alguns cortes, como Denver Steak, por exemplo",,
Voltarem montar/oferecer para compra bandeijinhas de bifes de filet mingnon.  Registro meus elogios à funcionária Mariana: muito educada e competente!!!,,
"Amo essa loja, sempre organizada e com tudo que preciso, Esther e Cleber obrigada pelo atendimento",,
Pra mim está tudo ótimo. Sempre que posso vou nesta loja e admiro a higiene a exposição dos produtos e o respeito e a urbanidade com que tratam os clientes,,
Quero dar os parabéns aos atendes da Loja Cursino Sp. São. Nota 10000000000,,
Podem melhorar prestando uma informação correta de disponibilidade no site (coloquei por exemplo o bolo de coco no carrinho e na hora de pagar ele constava como indisponível no meu carrinho - mas seguia disponível no site) e deixar os valores mais competitivos. Há produtos caros em relação ao mercado.,,
"Quando forem entregar, estejam mais atentos ao endereço cadastrado pelo cliente no sistema de vocês. Moro na rua Gaugin na Granja Viana -Cotia-SP . O entregador me ligou dizendo que não achava o nr na rua Gaugin, mas na verdade ele foi para a Rua com nome correto, porém em um outro município. Lamentável um erro deste tipo.",,
so se venderen a carne assada kkkkk,,
"Fui muito bem atendido pelo atendente Ramon, na unidade da Av Timoteo Penteado em Guarulhos.",,
Poderiam um dia específico da semana fazer promoções  na loja seria show ????✌????,,
Por a venda produtos de lacticínios com queijos variados...,,
Disponibilidade de produtos e atendimento excelentes,,
Excelente atendimento da Amal. Muito obrigado,,
Sempre pensar em melhoria continua!!!,,
Tudo muito eficiente como sempre.,,
"Parabéns a equipe de  atendimento  , principalmente  o Pedro que foi extremamente atencioso
",,
"Pouco funcionários,  só tinha um caixa sábado à tarde",,
"Sempre compro nesta loja devido a limpeza, organização e atendimento sempre impecável.",,
Mais promoções  e que se comprrenda sem precisar decifrar como é  a promoção.,,
Com mais promoções e até na linha comprou dois produtos da mesma espécie tantos por centos  de descontos.,,
Muito caro Abaixa o preço,,
"Na minha opinião se melhorar estraga,rsrs tudo perfeito",,
"Não há no que melhorar! Loja limpa, freezers bem abastecidos, produtos deliciosos e de excelente qualidade, fáceis de achar dentro da loja, atendentes bem educados e simpáticos.",,
"Faltou espeto bovino normal, sem bacon.",,
"Havia promoção de leve dois pague menos, mas a diferença era mínima. As promoções deveriam ser mais atrativas.",,
"Gostaria de fazer elogio para o excelente atendimento do funcionário da unidade rua Brentano, que me atendeu dia 18/12 por volta das 21:30h",,
"Colocar mais itens focados em 2 pessoas, principalmente as carnes",,
Tragam de volta o tomate picado,,
Elogio: gostaria de agradecer a simpatia e disponibilidade dos atendentes,,
"Eu adoro comprar na Swift com o Enzo. Rapaz super educado, atencioso, simpático, sempre pronto pra nos ajudar. Parabéns Swift pelo funcionário Enzo.",,
Excelente atendimento da Maria e Jaqueline bem educada,,
"se tiver uma carne resfriada e não só congelada, ficaria ainda mais perfeito!",,
"Gostaria que abrissem uma loja na altura do 500 da Avenida do Cursino, fechou e fikcou bem complicado comprar na Swift semanalmente.",,
"OS PREÇOS QUE BEM MAIS ALTOS QUE A CONCORRENCIA  POR ESTAREM  CONGELADOS
",,
Ainda tenho dificuldades se encontrar os produtos.,,
"Está ótimo, não necessita melhorar. Parabéns Swift e obrigada pelo presente que é a loja de Araraquara!",,
"Melhorar o app, não finaliza a compra.",,
"Melhor atendimento,  é muito  importante  receber  orientação  e um atendimento cortes , os atendentes  de plantão  , pouco  se importa com sua  presença.",,
Estou satisfeita com tudo da Swift,,
"Entendo que a loja tenha um atendimento diferenciado, só que é muito demorado, poderiam melhorar um pouco a velocidade do atendimento no caixa, a questão da conversa entre as atendentes e conversas das atendentes com os clientes deixa o serviço um pouco moroso.",,
Continuando com a mesma atenção.,,
"Atendimento da Juliana Swift Ipiranga, impecável, está de parabéns. Loja 10.",,
Mudando o sabor da costela que chamam de temperada  é horrível ?,,
Sou cliente e espero que continuem assim.,,
Acho que está tudo perfeito! Sempre que vou a loja encontro uma grande variedade de cortes.,,
"Rapaz que trabalha na loja ( swift) frente a padaria Reims, muito educado! Ajudou minha esposa a procurar o produto! Muito obrigado pela dedicacao e educação!",,
"Adoro a loja, ela é super completa e tem ótimo atendimento!",,
"Atendentes Maria Eduardo e Isabela me ajudaram bastante, amo vir aqui",,
"Achei estar excelente.
Se melhorar mais estraga.",,
"Deixaram faltar sassami...
Piracicaba, Av Independência.",,
Tem algumas lojas que fui procurar um item específico e nao encontrei,,
"Ter entrega rápida, já acontece deu comprar e chegar no outro dia 17:00 sendo que muitas vezes queremos coisa ali na quela horas não depois.",,
"Loja muito boa , funcionários sempre atenciosos , inclusive a funcionária Jaqueline , me atendeu super bem me ajudando a concluir minha compra semanal",,
Bruna e Ronald sempre com otimo atendimento ❤️?❤️?,,
Melhores atendentes luana joice gleice leidy,,
Não encontrei o carvão ecológico!,,
A galinha vem com a cabeça. Não acho legal,,
Atendimento da menina de bota excelente! Amei,,
Se for possível melhorar um pouco mais os preços.,,
Agradeço o atendimento do Tiago!,,
Preço inicial e final nos deixa muito confuso na hora da escolha de carnes em peça,,
"Percebi que não é todas as lojas que recebem todos produtos disponíveis, talvez por espaço, mas isso acaba deixando a desejar",,
"Ótima experiência,  comprarei mais vezes com certeza.",,
"Procurei feijão branco pra dobradinha,já cozido e congelado e não encontrei.",,
"Atendimento excelente , colocar placas sinalizando melhor os locais de cada produto",,
Atendente Michele sempre com opiniões sinceras sobre os produtos e indicações de novidades. Parabéns pela a atendente!,,
Agradeço a atenção em loja..... Mas contra filé combo muito duro,,
Gostaria de elogiar os atendentes Bárbara e Ryan da loja da Guaipá. São muito atenciosos. Equipe ótima.,,
Ter carvão e opção sem estar congelado,,
Eu gostei de tudo!! Tive um problema na entrega porem foi resolvido no mesmo dia!,,
Achei tudo excelente. Muita variedade e preço bom.,,
Não deixar faltar produtos anunciados.,,
"Deixando o produto pronto, assim quando formos retirar o mesmo já estará pronto e se torna mais fácil.",,
"Eu gosto muito da Swift, sempre recomendo pra todo mundo, mas acho que os preços estão subindo muito e às vezes quando vou não tem o que necessito.",,
Comprei uma picanha fatiada que não tinha como comer de tão dura. Foi um teste pra nunca mais cair nessa cilada. A peça da picanha inteira estava boa.,,
Mantendo os preços mais baixos.,,
Os preços poderiam ser mais adequados . Sabemos que a carne é um produto de grande demanda e assim sendo poderiam ter preços mais convidarivos,,
"Embora não seja frequente, algumas vezes não encontrei o produto desejado.",,
"Para eu está ótimo , funcionários educadismos ,",,
